OBJECTID,MapperId,MeasuredTime,siteName,elevation,MeasuredLatitude,MeasuredLongitude
1,23793,6/7/20 19:52,14RPU075612,273.6000061,30.37870026,-97.88050079
2,24628,7/14/20 0:00,14RPU075612,273.6000061,30.37870026,-97.88030243
3,24630,7/14/20 0:03,14RPU075612,273.6000061,30.37859917,-97.88020325
4,24629,7/14/20 0:01,14RPU075612,273.6000061,30.37870026,-97.88020325
5,24631,7/14/20 0:06,14RPU075612,273.6000061,30.37859917,-97.88020325
6,23799,6/24/20 14:13,14SQB138713,226.199997,33.159599299999996,-96.70670319
7,24958,7/21/20 14:51,14SQB126721,221.8999939,33.16759872,-96.71959686
8,23802,6/24/20 15:13,14SQB135729,232.1000061,33.1739006,-96.70960236
9,23805,6/25/20 0:45,15RTN654970,16.10000038,29.78199959,-95.42669678
10,24153,7/3/20 1:12,15RTN654970,16.10000038,29.78160095,-95.4265976
11,24271,7/6/20 0:49,15RTN654970,16.10000038,29.78199959,-95.42669678
12,23971,6/29/20 20:04,19QFV960942,28.700000760000002,18.02779961,-67.14769745
13,24621,7/9/20 1:14,14RPU070592,241.199997,30.36070061,-97.88639832
14,24837,7/17/20 20:35,14RPU070592,241.199997,30.36079979,-97.88610077
15,25023,7/17/20 20:38,14RPU070592,241.199997,30.36050034,-97.88629913
16,24839,7/17/20 20:36,14RPU070592,241.199997,30.36079979,-97.88619995
17,25021,7/17/20 20:43,14RPU070592,241.199997,30.36079979,-97.8864975
18,25020,7/17/20 20:41,14RPU070592,241.199997,30.36059952,-97.88639832
19,25024,7/22/20 6:07,14RPU070592,241.199997,30.36070061,-97.88639832
20,23926,6/28/20 19:39,14RPU060599,247.199997,30.36639977,-97.89649963
21,23927,6/28/20 19:50,14RPU055605,224.5,30.37249947,-97.90149689
22,24968,7/21/20 15:36,16TDM019243,207.1000061,41.76499939,-88.17939758
23,23965,6/24/20 15:41,18SWJ129120,2.29999995,38.95709991,-74.85099792
24,23968,6/24/20 15:50,18SWJ129120,2.29999995,38.9571991,-74.85099792
25,23969,6/24/20 15:53,18SWJ129120,2.29999995,38.95729828,-74.85109711
26,23970,6/24/20 15:39,18SWJ129120,2.29999995,38.9571991,-74.85099792
27,24117,6/28/20 14:33,18SWJ129120,2.29999995,38.95729828,-74.85109711
28,24116,6/28/20 14:30,18SWJ129120,2.29999995,38.95729828,-74.85109711
29,24120,6/28/20 14:48,18SWJ129120,2.29999995,38.9571991,-74.85109711
30,24119,6/28/20 14:45,18SWJ129120,2.29999995,38.9571991,-74.85109711
31,24118,6/29/20 2:38,18SWJ129120,2.29999995,38.9571991,-74.85109711
32,24122,6/30/20 22:40,18SWJ129120,2.29999995,38.9571991,-74.85109711
33,24124,6/30/20 22:50,18SWJ129120,2.29999995,38.9571991,-74.85109711
34,24123,6/30/20 10:47,18SWJ129120,2.29999995,38.9571991,-74.85099792
35,24121,6/30/20 22:31,18SWJ129120,2.29999995,38.95729828,-74.85099792
36,24125,6/30/20 22:53,18SWJ129120,2.29999995,38.9571991,-74.85109711
37,24455,7/5/20 15:00,18SWJ129120,2.29999995,38.95700073,-74.85070038
38,24457,7/5/20 15:01,18SWJ129120,2.29999995,38.95709991,-74.85070038
39,24454,7/5/20 14:58,18SWJ129120,2.29999995,38.9571991,-74.85079956
40,24459,7/8/20 15:02,18SWJ129120,2.29999995,38.95709991,-74.85079956
41,24726,7/12/20 14:02,18SWJ129120,2.29999995,38.9571991,-74.85099792
42,24729,7/12/20 14:24,18SWJ129120,2.29999995,38.9571991,-74.85089874
43,24730,7/12/20 14:39,18SWJ129120,2.29999995,38.9571991,-74.85089874
44,24728,7/12/20 14:11,18SWJ129120,2.29999995,38.9571991,-74.85099792
45,24811,7/15/20 0:07,18SWJ129120,2.29999995,38.9571991,-74.85099792
46,24813,7/15/20 0:08,18SWJ129120,2.29999995,38.9571991,-74.85099792
47,24815,7/15/20 0:09,18SWJ129120,2.29999995,38.9571991,-74.85109711
48,23967,6/24/20 15:40,18SWJ128120,2,38.95729828,-74.85119629
49,23990,6/30/20 14:14,19QFV942949,20.60000038,18.03479958,-67.16480255
50,23996,6/29/20 20:43,18SUJ057260,91,39.06190109,-77.24530029
51,23995,6/29/20 20:25,18SUJ057260,91,39.06209946,-77.24479675
52,23997,6/29/20 21:00,18SUJ057260,91,39.06200027,-77.24490356
53,23998,6/29/20 21:14,18SUJ059258,81.30000305,39.0603981,-77.24240112
54,23999,6/29/20 21:48,18SUJ059258,81.30000305,39.06010056,-77.24240112
55,24016,6/30/20 19:40,16TDM127727,250.6000061,42.20220184,-88.05690002
56,24024,6/30/20 19:51,16TDM128725,245.3999939,42.20000076,-88.05599976
57,24031,6/30/20 20:30,19QFV956938,26.799999239999998,18.02420044,-67.15229797
58,24361,7/7/20 17:54,19QFV956938,26.799999239999998,18.02389908,-67.15229797
59,24074,6/26/20 19:07,14RNT513614,226.3999939,29.4817009,-98.4701004
60,24739,7/11/20 18:37,14RNT513612,225.6000061,29.47999954,-98.47049713
61,24731,7/11/20 17:35,14RNT513612,225.6000061,29.47999954,-98.47059631
62,24733,7/11/20 18:10,14RNT513612,225.6000061,29.48010063,-98.47059631
63,24676,7/11/20 19:26,14RNT513612,225.6000061,29.47999954,-98.47039795
64,25027,7/18/20 18:35,14RNT513612,225.6000061,29.48010063,-98.47059631
65,25038,7/18/20 18:56,14RNT513612,225.6000061,29.48010063,-98.47059631
66,25045,7/18/20 20:10,14RNT513612,225.6000061,29.48010063,-98.47059631
67,25042,7/18/20 19:25,14RNT513612,225.6000061,29.47999954,-98.47059631
68,25026,7/19/20 22:45,14RNT513612,225.6000061,29.48010063,-98.47059631
69,25126,7/25/20 21:16,14RNT513612,225.6000061,29.47999954,-98.47049713
70,24126,7/1/20 21:19,18SWJ123116,0.80000001,38.9538002,-74.85700226
71,24129,7/2/20 1:27,15RTN531721,17,29.55450058,-95.54720306
72,24132,7/2/20 1:29,15RTN528724,21.299999239999998,29.55750084,-95.55110168
73,24128,7/2/20 1:21,15RTN512715,21.200000760000002,29.5489006,-95.56739807
74,24142,7/2/20 18:34,15RTN512715,21.200000760000002,29.5489006,-95.56739807
75,24135,7/2/20 17:35,16SGC522389,290,33.76060104,-84.27629852
76,24137,7/2/20 17:49,16SGC505385,303.2000122,33.75780106,-84.29509735
77,24155,7/3/20 1:14,15RTN653970,16.39999962,29.78190041,-95.42690277
78,24154,7/3/20 1:13,15RTN653970,16.39999962,29.78190041,-95.42700195
79,24272,7/6/20 0:51,15RTN653970,16.39999962,29.78190041,-95.42690277
80,24367,7/7/20 18:00,19QFV953938,11.19999981,18.02389908,-67.15460205
81,24261,6/10/20 15:10,17TLH209161,237.3999939,42.5768013,-83.1815033
82,24264,7/6/20 0:34,15RTN652970,16.700000760000002,29.78120041,-95.42819977
83,24289,7/6/20 10:57,18STG645523,85.59999847,37.48830032,-77.66320038
84,24316,7/6/20 22:44,14RPU057596,248.6000061,30.36429977,-97.89949799
85,24321,7/7/20 14:11,19QFV954939,15.30000019,18.02540016,-67.15409851
86,24324,7/7/20 14:45,16SGH206038,287.7999878,37.95510101,-84.48860168
87,24326,6/30/20 19:55,16TDM013227,214.3999939,41.75090027,-88.18630219
88,24329,6/30/20 20:30,16TDM020242,207.3999939,41.76380157,-88.17829895
89,24333,7/7/20 14:00,16TDM013228,213.3999939,41.75130081,-88.18630219
90,24334,7/7/20 14:04,16TDM013228,213.3999939,41.75170135,-88.18669891
91,24960,7/14/20 20:08,16TDM013228,213.3999939,41.75180054,-88.18669891
92,24965,7/21/20 15:21,16TDM013228,213.3999939,41.75099945,-88.18669891
93,24966,7/21/20 15:24,16TDM013228,213.3999939,41.75159836,-88.18669891
94,24368,7/7/20 15:22,16SGH195043,284.1000061,37.96020126,-84.50060272
95,24385,6/7/20 23:15,18TVN957017,369,42.46780014,-75.05190277
96,24700,7/14/20 23:36,18TVN957017,369,42.46780014,-75.05149841
97,24424,7/8/20 1:55,14RPU068594,250.1000061,30.36219978,-97.88770294
98,24450,7/4/20 19:00,14RNT512613,225.5,29.48040009,-98.47160339
99,24452,7/4/20 18:47,14RNT513613,224.1000061,29.48060036,-98.4701004
100,24451,7/4/20 19:21,14RNT513613,224.1000061,29.48060036,-98.4701004
101,24463,7/8/20 14:00,14SQB130708,219.6000061,33.15510178,-96.71600342
102,24474,6/26/20 22:37,18TWK291765,23.799999239999998,40.43930054,-74.65670013
103,24478,7/2/20 20:24,18TWK290765,25.89999962,40.43909836,-74.65769958
104,25068,7/9/20 16:30,32UMA779546,142.3999939,50.1432991,8.69099998
105,24501,7/9/20 11:25,32UMA779546,142.3999939,50.1432991,8.69149971
106,24928,7/10/20 16:15,32UMA779546,142.3999939,50.1432991,8.69099998
107,24502,7/9/20 12:00,32UMA778545,143.6000061,50.14279938,8.69040012
108,24531,7/10/20 13:21,32UMA778545,143.6000061,50.14319992,8.69050026
109,24532,7/10/20 14:06,32UMA778545,143.6000061,50.14319992,8.69050026
110,24503,7/9/20 13:51,32UMA778543,143,50.14080048,8.68999958
111,24514,7/7/20 23:36,18TWK488749,35.20000076,40.4233017,-74.42359924
112,24548,7/9/20 22:53,18TWK480746,38.59999847,40.42070007,-74.43340302
113,25138,7/12/20 0:26,18TWK480746,38.59999847,40.42079926,-74.43309784
114,24533,7/10/20 14:26,32UMA775542,137.199997,50.14020157,8.6864996
115,24627,7/13/20 23:58,14RPU075613,269.2999878,30.37899971,-97.88069916
116,22877,6/8/20 1:23,11SLT926780,228.8999939,34.13779831,-118.1643982
117,22875,6/8/20 1:18,11SLT926780,228.8999939,34.13800049,-118.164299
118,22876,6/8/20 1:19,11SLT926780,228.8999939,34.13779831,-118.1643982
119,23091,6/14/20 2:20,11SLT926780,228.8999939,34.13750076,-118.1648026
120,24969,7/21/20 15:39,16TDM019243,207.1000061,41.76499939,-88.17990112
121,23092,6/14/20 2:49,11SLT926780,228.8999939,34.13790131,-118.1643982
122,23251,6/17/20 1:44,11SLT926780,228.8999939,34.13779831,-118.1643982
123,23252,6/17/20 1:59,11SLT926780,228.8999939,34.13779831,-118.1643982
124,23249,6/17/20 1:37,11SLT926780,228.8999939,34.13790131,-118.1643982
125,23250,6/17/20 1:40,11SLT926780,228.8999939,34.13779831,-118.1643982
126,23730,6/24/20 1:39,11SLT926780,228.8999939,34.13779831,-118.1643982
127,23729,6/24/20 1:35,11SLT926780,228.8999939,34.13769913,-118.1644974
128,23731,6/24/20 1:49,11SLT926780,228.8999939,34.13779831,-118.1643982
129,24744,7/8/20 1:51,11SLT926780,228.8999939,34.13790131,-118.1643982
130,24745,7/8/20 1:52,11SLT926780,228.8999939,34.13779831,-118.1643982
131,24743,7/8/20 1:50,11SLT926780,228.8999939,34.13779831,-118.1643982
132,24746,7/8/20 1:53,11SLT926780,228.8999939,34.13779831,-118.1643982
133,24760,7/15/20 2:45,11SLT926780,228.8999939,34.13779831,-118.164299
134,24750,7/15/20 2:24,11SLT926780,228.8999939,34.13790131,-118.164299
135,24753,7/15/20 2:56,11SLT926780,228.8999939,34.13779831,-118.1643982
136,25079,7/23/20 2:08,11SLT926780,228.8999939,34.13800049,-118.164299
137,25080,7/24/20 2:22,11SLT926780,228.8999939,34.13779831,-118.1643982
138,25081,7/24/20 2:28,11SLT926780,228.8999939,34.13779831,-118.1643982
139,22909,6/9/20 0:48,14RPU063527,259.3999939,30.30190086,-97.89379883
140,23156,6/15/20 0:58,14RPU063527,259.3999939,30.30200005,-97.89379883
141,23157,6/15/20 0:59,14RPU063527,259.3999939,30.30200005,-97.89379883
142,23743,6/22/20 22:20,14RPU063527,259.3999939,30.30209923,-97.89379883
143,23742,6/22/20 20:55,14RPU063527,259.3999939,30.30209923,-97.89379883
144,23739,6/22/20 1:09,14RPU063527,259.3999939,30.30220032,-97.89399719
145,23740,6/22/20 1:26,14RPU063527,259.3999939,30.30209923,-97.89389801
146,23741,6/22/20 1:28,14RPU063527,259.3999939,30.30209923,-97.89389801
147,23973,6/29/20 21:32,14RPU063527,259.3999939,30.30190086,-97.89369965
148,23972,6/29/20 20:41,14RPU063527,259.3999939,30.30209923,-97.89399719
149,24043,6/30/20 19:54,14RPU063527,259.3999939,30.30209923,-97.89389801
150,24044,6/30/20 20:10,14RPU063527,259.3999939,30.30209923,-97.89389801
151,24402,7/8/20 0:51,14RPU063527,259.3999939,30.30209923,-97.89409637
152,24401,7/8/20 0:50,14RPU063527,259.3999939,30.30209923,-97.89409637
153,24399,7/8/20 0:49,14RPU063527,259.3999939,30.30220032,-97.89399719
154,24403,7/8/20 0:52,14RPU063527,259.3999939,30.30220032,-97.89399719
155,24761,7/15/20 3:22,14RPU063527,259.3999939,30.30200005,-97.89369965
156,24756,7/15/20 3:23,14RPU063527,259.3999939,30.30209923,-97.89420319
157,24757,7/15/20 3:24,14RPU063527,259.3999939,30.30209923,-97.89360046
158,24758,7/15/20 3:25,14RPU063527,259.3999939,30.30220032,-97.89399719
159,25002,7/22/20 2:52,14RPU063527,259.3999939,30.30209923,-97.89399719
160,25001,7/22/20 2:51,14RPU063527,259.3999939,30.30209923,-97.89379883
161,25003,7/22/20 2:53,14RPU063527,259.3999939,30.30209923,-97.89399719
162,22868,6/7/20 22:20,14SQB109641,212.6000061,33.09550095,-96.73989868
163,23041,6/9/20 16:57,14SQB109641,212.6000061,33.09550095,-96.73930359
164,23261,6/17/20 2:57,14SQB109641,212.6000061,33.0951004,-96.73919678
165,23260,6/17/20 2:56,14SQB109641,212.6000061,33.09529877,-96.73950195
166,24033,6/30/20 22:39,14SQB109641,212.6000061,33.09560013,-96.73950195
167,24387,7/7/20 23:03,18TVN955019,371.5,42.47000122,-75.0542984
168,24386,7/7/20 23:02,18TVN955019,371.5,42.47000122,-75.0542984
169,24388,7/7/20 23:05,18TVN955019,371.5,42.46979904,-75.05419922
170,24890,7/15/20 0:38,18TVN955019,371.5,42.4695015,-75.05410004
171,24702,7/15/20 0:25,18TVN955019,371.5,42.46989822,-75.05449677
172,24703,7/15/20 0:27,18TVN955019,371.5,42.46989822,-75.05449677
173,24706,7/15/20 0:36,18TVN955019,371.5,42.46989822,-75.05390167
174,24701,7/15/20 0:24,18TVN955019,371.5,42.46960068,-75.05449677
175,24891,7/19/20 15:40,18TVN955019,371.5,42.46960068,-75.05460358
176,23176,6/10/20 1:15,15RTN649971,18.10000038,29.7826004,-95.4312973
177,23177,6/16/20 1:03,15RTN649971,18.10000038,29.78249931,-95.4312973
178,23178,6/16/20 1:04,15RTN649971,18.10000038,29.78249931,-95.43109894
179,23241,6/17/20 0:52,15RTN649971,18.10000038,29.78210068,-95.43119812
180,23803,6/25/20 0:37,15RTN649971,18.10000038,29.7826004,-95.4312973
181,24059,7/1/20 0:56,15RTN649971,18.10000038,29.78240013,-95.4312973
182,25145,7/29/20 3:33,15RTN649971,18.10000038,29.78199959,-95.43099976
183,25144,7/29/20 3:26,15RTN649971,18.10000038,29.78199959,-95.43099976
184,25149,7/29/20 3:39,15RTN649971,18.10000038,29.78199959,-95.43099976
185,22890,6/8/20 0:21,14SPB710369,191.699997,32.85739899,-97.17250061
186,23586,6/22/20 17:45,14SPB710369,191.699997,32.85749817,-97.17240143
187,22880,6/8/20 14:56,14RPU126672,284.2000122,30.4321003,-97.82679749
188,22881,6/8/20 15:00,14RPU126672,284.2000122,30.4321003,-97.82679749
189,22882,6/8/20 15:01,14RPU126672,284.2000122,30.4321003,-97.82679749
190,22884,6/8/20 15:12,14RPU126672,284.2000122,30.43169975,-97.82659912
191,22885,6/8/20 15:13,14RPU126672,284.2000122,30.43180084,-97.82659912
192,22921,6/9/20 15:02,14RPU126672,284.2000122,30.43219948,-97.82679749
193,22919,6/9/20 14:56,14RPU126672,284.2000122,30.43169975,-97.82649994
194,22923,6/9/20 15:03,14RPU126672,284.2000122,30.4321003,-97.82679749
195,22920,6/9/20 14:57,14RPU126672,284.2000122,30.43169975,-97.82649994
196,22926,6/9/20 15:59,14RPU126672,284.2000122,30.4321003,-97.82679749
197,23065,6/13/20 16:11,14RPU126672,284.2000122,30.43190002,-97.82659912
198,23068,6/13/20 16:15,14RPU126672,284.2000122,30.43199921,-97.82659912
199,23067,6/13/20 16:12,14RPU126672,284.2000122,30.43230057,-97.8266983
200,23064,6/13/20 16:07,14RPU126672,284.2000122,30.43169975,-97.8266983
201,23063,6/13/20 16:06,14RPU126672,284.2000122,30.4321003,-97.8266983
202,23280,6/17/20 14:22,14RPU126672,284.2000122,30.43219948,-97.82679749
203,23283,6/17/20 14:33,14RPU126672,284.2000122,30.43180084,-97.8266983
204,23284,6/17/20 14:34,14RPU126672,284.2000122,30.43169975,-97.82659912
205,23281,6/17/20 14:23,14RPU126672,284.2000122,30.4321003,-97.82679749
206,23279,6/17/20 14:21,14RPU126672,284.2000122,30.4321003,-97.82689667
207,23505,6/21/20 16:03,14RPU126672,284.2000122,30.4321003,-97.82679749
208,23502,6/21/20 16:01,14RPU126672,284.2000122,30.43219948,-97.82679749
209,23511,6/21/20 16:14,14RPU126672,284.2000122,30.43219948,-97.82679749
210,23513,6/21/20 16:15,14RPU126672,284.2000122,30.43169975,-97.8266983
211,23504,6/21/20 16:02,14RPU126672,284.2000122,30.43219948,-97.8266983
212,23771,6/24/20 14:43,14RPU126672,284.2000122,30.43219948,-97.82679749
213,23773,6/24/20 14:52,14RPU126672,284.2000122,30.43169975,-97.82659912
214,23769,6/24/20 14:40,14RPU126672,284.2000122,30.4321003,-97.82679749
215,23770,6/24/20 14:41,14RPU126672,284.2000122,30.43219948,-97.82679749
216,23772,6/24/20 14:51,14RPU126672,284.2000122,30.43180084,-97.8266983
217,23844,6/27/20 16:53,14RPU126672,284.2000122,30.43219948,-97.82679749
218,23845,6/27/20 16:54,14RPU126672,284.2000122,30.4321003,-97.82689667
219,23842,6/27/20 16:41,14RPU126672,284.2000122,30.43190002,-97.82679749
220,23843,6/27/20 16:42,14RPU126672,284.2000122,30.43169975,-97.8266983
221,23846,6/27/20 16:55,14RPU126672,284.2000122,30.43230057,-97.82679749
222,24047,7/1/20 0:25,14RPU126672,284.2000122,30.43219948,-97.82679749
223,24045,7/1/20 0:23,14RPU126672,284.2000122,30.43199921,-97.82679749
224,24046,7/1/20 0:24,14RPU126672,284.2000122,30.43219948,-97.82679749
225,24048,7/1/20 0:35,14RPU126672,284.2000122,30.43180084,-97.8266983
226,24049,7/1/20 0:36,14RPU126672,284.2000122,30.43180084,-97.8266983
227,24183,7/4/20 23:52,14RPU126672,284.2000122,30.43199921,-97.82679749
228,24185,7/4/20 23:54,14RPU126672,284.2000122,30.43199921,-97.82679749
229,24184,7/4/20 23:53,14RPU126672,284.2000122,30.43199921,-97.82679749
230,24186,7/4/20 23:59,14RPU126672,284.2000122,30.43199921,-97.82679749
231,24187,7/5/20 0:00,14RPU126672,284.2000122,30.43199921,-97.82679749
232,24383,7/7/20 22:59,14RPU126672,284.2000122,30.43199921,-97.82679749
233,24384,7/7/20 23:00,14RPU126672,284.2000122,30.43199921,-97.82679749
234,24382,7/7/20 22:53,14RPU126672,284.2000122,30.43199921,-97.82679749
235,24381,7/7/20 22:52,14RPU126672,284.2000122,30.43199921,-97.82679749
236,24380,7/7/20 22:51,14RPU126672,284.2000122,30.43199921,-97.82679749
237,24648,7/14/20 1:39,14RPU126672,284.2000122,30.43199921,-97.82700348
238,24649,7/14/20 1:40,14RPU126672,284.2000122,30.43199921,-97.82700348
239,24646,7/14/20 1:35,14RPU126672,284.2000122,30.43199921,-97.82700348
240,24647,7/14/20 1:36,14RPU126672,284.2000122,30.43199921,-97.82700348
241,24645,7/14/20 1:34,14RPU126672,284.2000122,30.43199921,-97.82700348
242,24712,7/15/20 1:31,14RPU126672,284.2000122,30.43199921,-97.82700348
243,24710,7/15/20 1:27,14RPU126672,284.2000122,30.43199921,-97.82700348
244,24711,7/15/20 1:30,14RPU126672,284.2000122,30.43199921,-97.82700348
245,24713,7/15/20 1:32,14RPU126672,284.2000122,30.43199921,-97.82700348
246,24709,7/15/20 1:26,14RPU126672,284.2000122,30.43199921,-97.82700348
247,24946,7/20/20 23:37,14RPU126672,284.2000122,30.43169975,-97.82710266
248,22894,6/8/20 16:24,18STG650518,101.5999985,37.4836998,-77.6576004
249,24182,7/4/20 15:18,18STG650518,101.5999985,37.48360062,-77.65769958
250,22896,6/8/20 17:08,18SUJ056259,96.09999847,39.06129837,-77.24629974
251,22903,6/8/20 20:10,17TKF768828,211.8999939,41.36640167,-83.6678009
252,22908,6/8/20 23:43,14RPU069527,252.199997,30.30170059,-97.88780212
253,23155,6/15/20 0:43,14RPU069527,252.199997,30.30209923,-97.88819885
254,23172,6/15/20 23:19,14RPU069527,252.199997,30.30139923,-97.88770294
255,25156,7/26/20 23:24,14RPU069527,252.199997,30.30170059,-97.88809967
256,22911,6/8/20 20:30,15RTP566429,46.5,30.19389915,-95.52739716
257,22912,6/8/20 20:52,15RTP568424,47.09999847,30.18959999,-95.52500153
258,22925,6/9/20 15:45,19QFV954938,16.700000760000002,18.02449989,-67.15339661
259,22924,6/9/20 15:08,19QFV954938,16.700000760000002,18.02449989,-67.15350342
260,23137,6/14/20 15:37,19QFV954938,16.700000760000002,18.02420044,-67.15329742
261,23138,6/14/20 15:42,19QFV954938,16.700000760000002,18.02449989,-67.15339661
262,23139,6/14/20 15:54,19QFV954938,16.700000760000002,18.02440071,-67.15370178
263,23141,6/14/20 16:08,19QFV954938,16.700000760000002,18.02449989,-67.15350342
264,23140,6/14/20 16:05,19QFV954938,16.700000760000002,18.02440071,-67.15350342
265,23438,6/20/20 16:45,19QFV954938,16.700000760000002,18.02449989,-67.15329742
266,23441,6/20/20 17:11,19QFV954938,16.700000760000002,18.02449989,-67.15350342
267,23442,6/20/20 17:15,19QFV954938,16.700000760000002,18.02449989,-67.15339661
268,23440,6/20/20 17:07,19QFV954938,16.700000760000002,18.02440071,-67.1536026
269,23665,6/23/20 18:45,19QFV954938,16.700000760000002,18.02429962,-67.15339661
270,23667,6/23/20 19:44,19QFV954938,16.700000760000002,18.02449989,-67.15339661
271,24002,6/30/20 18:08,19QFV954938,16.700000760000002,18.02440071,-67.15399933
272,24003,6/30/20 18:12,19QFV954938,16.700000760000002,18.02449989,-67.15339661
273,24010,6/30/20 18:39,19QFV954938,16.700000760000002,18.02440071,-67.15350342
274,24320,7/7/20 14:08,19QFV954938,16.700000760000002,18.02449989,-67.15350342
275,24359,7/7/20 17:34,19QFV954938,16.700000760000002,18.02440071,-67.1536026
276,24358,7/7/20 17:04,19QFV954938,16.700000760000002,18.02440071,-67.15350342
277,24369,7/7/20 18:53,19QFV954938,16.700000760000002,18.02449989,-67.15339661
278,24323,7/7/20 14:23,19QFV954938,16.700000760000002,18.02449989,-67.15339661
279,24680,7/14/20 21:13,19QFV954938,16.700000760000002,18.02449989,-67.15329742
280,24714,7/14/20 20:58,19QFV954938,16.700000760000002,18.02470016,-67.15339661
281,24715,7/14/20 21:24,19QFV954938,16.700000760000002,18.02440071,-67.15329742
282,24679,7/14/20 20:55,19QFV954938,16.700000760000002,18.02449989,-67.15339661
283,24678,7/14/20 20:51,19QFV954938,16.700000760000002,18.02449989,-67.15339661
284,24895,7/19/20 18:10,19QFV954938,16.700000760000002,18.02440071,-67.15329742
285,24980,7/21/20 19:49,19QFV954938,16.700000760000002,18.02429962,-67.15409851
286,24976,7/21/20 18:59,19QFV954938,16.700000760000002,18.02440071,-67.15390015
287,24977,7/21/20 19:03,19QFV954938,16.700000760000002,18.02440071,-67.15390015
288,24978,7/21/20 19:19,19QFV954938,16.700000760000002,18.02429962,-67.15390015
289,24975,7/21/20 18:56,19QFV954938,16.700000760000002,18.02429962,-67.15390015
290,24979,7/21/20 19:28,19QFV954938,16.700000760000002,18.02429962,-67.15339661
291,25053,7/23/20 18:59,19QFV954938,16.700000760000002,18.02459908,-67.15409851
292,24260,6/9/20 18:55,17TLH219158,225.3999939,42.57419968,-83.16929626
293,23864,6/28/20 2:52,10TET718750,181.8000031,47.62509918,-122.0434036
294,23866,6/28/20 2:55,10TET718750,181.8000031,47.62509918,-122.0434036
295,23865,6/28/20 2:54,10TET718750,181.8000031,47.62509918,-122.0432968
296,24277,7/6/20 3:32,10TET718750,181.8000031,47.62509918,-122.043602
297,22942,6/9/20 21:46,14SQB110644,216.5,33.09820175,-96.73860168
298,23147,6/14/20 21:38,14SQB110644,216.5,33.09799957,-96.73870087
299,23148,6/14/20 21:57,14SQB110644,216.5,33.09809875,-96.73860168
300,24090,6/30/20 21:39,14SQB110644,216.5,33.09799957,-96.73870087
301,24087,6/30/20 21:36,14SQB110644,216.5,33.09799957,-96.73870087
302,24089,6/30/20 21:38,14SQB110644,216.5,33.09799957,-96.7385025
303,23269,6/17/20 0:11,18TWK301767,15.30000019,40.44079971,-74.6446991
304,24061,7/1/20 1:16,15RTN650970,18.39999962,29.78179932,-95.42990112
305,24066,7/1/20 1:17,15RTN650970,18.39999962,29.78190041,-95.43009949
306,23240,6/16/20 1:27,15RTN651970,17.5,29.78190041,-95.42890167
307,24062,7/1/20 1:16,15RTN651970,17.5,29.78190041,-95.42980194
308,23242,6/17/20 1:03,15RTN648972,18.799999239999998,29.78339958,-95.43260193
309,23244,6/17/20 1:25,15RTN649970,18.89999962,29.78190041,-95.43090057
310,23454,6/21/20 1:30,15RTN649970,18.89999962,29.78179932,-95.43180084
311,24543,7/11/20 1:05,15RTN649970,18.89999962,29.78179932,-95.4312973
312,23256,6/16/20 23:43,15RTN523713,23.39999962,29.54719925,-95.55529785
313,23258,6/17/20 2:51,14SQB110642,213.6000061,33.09619904,-96.73899841
314,23271,6/17/20 3:20,10SEG841288,123.9000015,37.30270004,-122.0509033
315,24067,7/1/20 1:46,10SEG841288,123.9000015,37.30270004,-122.0510025
316,24395,7/8/20 0:10,10SEG841288,123.9000015,37.30270004,-122.0509033
317,24762,7/13/20 22:25,10SEG841288,123.9000015,37.30270004,-122.0510025
318,25017,7/21/20 18:31,10SEG841288,123.9000015,37.30260086,-122.0510025
319,25157,7/28/20 22:25,10SEG841288,123.9000015,37.30250168,-122.0509033
320,23272,6/13/20 22:35,14RPU069598,246.8000031,30.36569977,-97.88739777
321,23316,6/17/20 20:16,14RPU062611,232.3000031,30.37739944,-97.89459991
322,23610,6/22/20 22:33,14RPU057597,247.6000061,30.36520004,-97.89929962
323,23273,6/16/20 0:37,14RPU067596,238,30.3640995,-97.88929749
324,23285,6/16/20 20:50,18SUJ060260,87.80000305,39.06159973,-77.24150085
325,23303,6/11/20 16:04,14SQB127721,224.8000031,33.16749954,-96.71880341
326,23301,6/11/20 16:02,14SQB127721,224.8000031,33.16749954,-96.71880341
327,23302,6/11/20 16:03,14SQB127721,224.8000031,33.16740036,-96.71880341
328,23304,6/11/20 16:05,14SQB127721,224.8000031,33.16749954,-96.71880341
329,23796,6/21/20 20:51,14SQB127721,224.8000031,33.16759872,-96.71890259
330,24821,7/11/20 23:37,14SQB127721,224.8000031,33.16759872,-96.71890259
331,24818,7/11/20 23:32,14SQB127721,224.8000031,33.16759872,-96.71890259
332,24817,7/11/20 23:31,14SQB127721,224.8000031,33.16759872,-96.71890259
333,24820,7/11/20 23:35,14SQB127721,224.8000031,33.16759872,-96.71890259
334,24826,7/16/20 13:15,14SQB127721,224.8000031,33.16759872,-96.71890259
335,24957,7/21/20 14:50,14SQB127721,224.8000031,33.16740036,-96.71880341
336,23305,6/13/20 14:34,14SQB129726,227.5,33.17179871,-96.71589661
337,23317,6/8/20 15:49,16SGH196033,271,37.95080185,-84.50039673
338,23324,6/18/20 0:20,10SEG842302,101.199997,37.31489944,-122.049202
339,23325,6/18/20 0:37,10SEG845293,106.199997,37.30720139,-122.0460968
340,24550,7/11/20 23:22,10SEG845293,106.199997,37.30699921,-122.0460968
341,23364,6/16/20 16:21,16TDM018243,208,41.76480103,-88.18109894
342,23365,6/16/20 16:35,16TDM020241,209,41.76330185,-88.17780304
343,23726,6/23/20 20:41,16TDM020241,209,41.76350021,-88.17839813
344,24335,7/7/20 14:15,16TDM020241,209,41.76309967,-88.17780304
345,23371,6/18/20 17:32,16TDM127724,247.3000031,42.1996994,-88.05740356
346,23372,6/18/20 17:38,16TDM126724,247.8000031,42.1996994,-88.05819702
347,23377,6/18/20 22:52,18SUJ057259,87.09999847,39.06060028,-77.24549866
348,23445,6/21/20 1:15,15RTN646971,18.700000760000002,29.78269958,-95.43489838
349,23446,6/21/20 1:16,15RTN646972,18.60000038,29.78280067,-95.43489838
350,23447,6/18/20 1:01,15RTN662977,6.1999998099999996,29.78779984,-95.41809845
351,23493,6/21/20 15:32,10TFP327799,1130.800049,44.06060028,-121.3430023
352,23545,6/21/20 16:08,16SDB942793,160.5,33.25350189,-87.061203
353,23546,6/21/20 16:09,16SDB942793,160.5,33.25350189,-87.061203
354,23547,6/21/20 16:20,16SDB939790,148.5,33.25,-87.06469727
355,23548,6/21/20 18:34,16SDB936788,136.8000031,33.24879837,-87.0687027
356,23557,6/19/20 23:41,14SQB103640,213.8000031,33.0943985,-96.74639893
357,23558,6/20/20 23:58,14SQB097641,217.8000031,33.09619904,-96.75250244
358,23559,6/21/20 0:02,14SQB093643,224.1000061,33.09719849,-96.75630188
359,23560,6/21/20 0:04,14SQB093643,224.1000061,33.09749985,-96.75640106
360,23561,6/21/20 0:23,14SQB101640,212.8999939,33.09479904,-96.748703
361,23588,6/22/20 17:49,14SPB710371,192,32.85879898,-97.17209625
362,23590,6/22/20 18:08,14SPB709369,193.6000061,32.85699844,-97.17259979
363,23589,6/22/20 17:58,14SPB709369,193.6000061,32.85699844,-97.17289734
364,23591,6/22/20 18:14,14SPB709369,193.6000061,32.85699844,-97.17259979
365,23611,6/22/20 23:37,14RPU058612,219.8999939,30.37899971,-97.89849854
366,24492,7/8/20 21:20,14RPU058612,219.8999939,30.37890053,-97.89859772
367,23609,6/22/20 22:25,14RPU059600,245.699997,30.36770058,-97.89790344
368,23612,6/22/20 23:41,14RPU058610,227.3999939,30.37709999,-97.89810181
369,23925,6/28/20 20:07,10SEG848283,108.9000015,37.29790115,-122.0429993
370,23625,6/23/20 0:27,15RTN662980,15.600000380000001,29.79120064,-95.41770172
371,23626,6/23/20 0:35,15RTN662976,15.30000019,29.78720093,-95.41819763
372,23628,6/23/20 1:05,15RTN662976,15.30000019,29.78689957,-95.41760254
373,23654,6/20/20 22:40,18SUJ052263,88.19999695,39.06430054,-77.25060272
374,23664,6/23/20 18:27,16SGC512408,308.8999939,33.77769852,-84.28710175
375,24127,7/1/20 21:20,18SWJ124116,1.60000002,38.95399857,-74.85679626
376,23695,6/23/20 23:39,18TWK493742,35.5,40.41770172,-74.41809845
377,23701,6/13/20 22:03,18TWK488748,36.29999924,40.42309952,-74.42379761
378,23706,6/23/20 23:06,11SLT928763,214,34.12229919,-118.1620026
379,24413,7/7/20 23:53,11SLT928763,214,34.12229919,-118.1622009
380,23723,6/23/20 0:09,10TFP318802,1141.5,44.06340027,-121.3531036
381,23725,6/23/20 20:06,16TDM014227,214.199997,41.75049973,-88.18589783
382,24961,7/14/20 20:13,16TDM014227,214.199997,41.75080109,-88.18589783
383,23727,6/23/20 20:52,16TDM019244,209.1000061,41.7655983,-88.17919922
384,24963,7/14/20 20:28,16TDM019244,209.1000061,41.76539993,-88.17910004
385,24406,7/4/20 18:49,14SQB110644,216.5,33.09809875,-96.73860168
386,24405,7/4/20 18:47,14SQB110644,216.5,33.09809875,-96.73870087
387,24407,7/4/20 18:50,14SQB110644,216.5,33.09790039,-96.73880005
388,24409,7/6/20 23:13,14SQB110644,216.5,33.09799957,-96.7385025
389,24411,7/6/20 23:17,14SQB110644,216.5,33.09790039,-96.73880005
390,24408,7/6/20 23:12,14SQB110644,216.5,33.09790039,-96.73870087
391,24410,7/6/20 23:15,14SQB110644,216.5,33.09799957,-96.73860168
392,22947,6/7/20 12:18,14RPU129675,288.1000061,30.43519974,-97.8234024
393,24018,6/30/20 19:44,16TDM128727,248.5,42.20190048,-88.05590057
394,24017,6/30/20 19:42,16TDM128727,248.5,42.20199966,-88.05609894
395,22957,6/7/20 23:50,15RTN511715,21.5,29.54910088,-95.56770325
396,22988,6/9/20 23:45,14RPU070593,237.8000031,30.36100006,-97.88619995
397,24841,7/17/20 20:40,14RPU070593,237.8000031,30.36090088,-97.88580322
398,24840,7/17/20 20:38,14RPU070593,237.8000031,30.36100006,-97.88629913
399,23195,6/16/20 17:17,14SQB064427,184.3999939,32.90359879,-96.79219818
400,22989,6/10/20 20:40,10TFP313801,1150.400024,44.0625,-121.3593979
401,22990,6/11/20 1:00,14RPU063610,233.3999939,30.37669945,-97.89350128
402,22991,6/11/20 1:09,14RPU063610,233.3999939,30.37689972,-97.89350128
403,23145,6/14/20 21:46,14RPU063610,233.3999939,30.37680054,-97.89289856
404,23313,6/17/20 17:52,16SGC511408,303,33.77759933,-84.28730011
405,23042,6/10/20 2:44,14SQB110641,211.3999939,33.09569931,-96.73899841
406,23259,6/17/20 2:53,14SQB110641,211.3999939,33.0951004,-96.73880005
407,23257,6/17/20 2:49,14SQB110641,211.3999939,33.09579849,-96.73889923
408,24086,6/29/20 1:46,14SQB110641,211.3999939,33.09560013,-96.73899841
409,24035,6/30/20 22:43,14SQB110641,211.3999939,33.09569931,-96.73880005
410,24034,6/30/20 22:41,14SQB110641,211.3999939,33.09519958,-96.73870087
411,24036,6/30/20 22:46,14SQB110641,211.3999939,33.0951004,-96.73880005
412,24375,7/7/20 20:44,14SQB110641,211.3999939,33.09560013,-96.73889923
413,24376,7/7/20 20:47,14SQB110641,211.3999939,33.09560013,-96.73880005
414,24379,7/7/20 20:40,14SQB110641,211.3999939,33.09560013,-96.73889923
415,24377,7/7/20 20:51,14SQB110641,211.3999939,33.09569931,-96.73889923
416,24378,7/7/20 20:54,14SQB110641,211.3999939,33.09569931,-96.73880005
417,24686,7/14/20 22:16,14SQB110641,211.3999939,33.09529877,-96.73880005
418,24688,7/14/20 22:22,14SQB110641,211.3999939,33.09540176,-96.73880005
419,24689,7/14/20 22:23,14SQB110641,211.3999939,33.09560013,-96.73899841
420,24685,7/14/20 22:12,14SQB110641,211.3999939,33.09560013,-96.73889923
421,24687,7/14/20 22:20,14SQB110641,211.3999939,33.09540176,-96.73889923
422,24690,7/14/20 22:25,14SQB110641,211.3999939,33.09550095,-96.73880005
423,25012,7/22/20 4:01,14SQB110641,211.3999939,33.09540176,-96.73899841
424,25014,7/22/20 4:09,14SQB110641,211.3999939,33.09550095,-96.73889923
425,25011,7/22/20 3:55,14SQB110641,211.3999939,33.09560013,-96.73889923
426,25013,7/22/20 4:04,14SQB110641,211.3999939,33.09540176,-96.73880005
427,25015,7/22/20 4:14,14SQB110641,211.3999939,33.09550095,-96.73889923
428,24037,6/30/20 22:32,14SQB110640,210.6000061,33.09479904,-96.73899841
429,23556,6/19/20 1:27,14SQB106637,208.699997,33.09159851,-96.74299622
430,23046,6/12/20 13:50,18SUJ058260,91,39.06209946,-77.24420166
431,23038,6/12/20 14:43,18SUJ052270,88.69999695,39.0705986,-77.25109863
432,23037,6/12/20 14:38,18SUJ052270,88.69999695,39.07099915,-77.25080109
433,23039,6/12/20 14:55,18SUJ057271,90.80000305,39.07210159,-77.24539948
434,23047,6/12/20 15:09,18SUJ056270,86.59999847,39.07099915,-77.24620056
435,23048,6/12/20 15:12,18SUJ056270,86.59999847,39.07089996,-77.2460022
436,23050,6/12/20 15:17,18SUJ057270,92.90000153,39.07089996,-77.24559784
437,23062,6/12/20 19:07,15RTP564430,46.70000076,30.19449997,-95.5298996
438,23085,6/13/20 18:01,10TFP319802,1144,44.06340027,-121.3526001
439,23083,6/13/20 17:59,10TFP319802,1144,44.06309891,-121.3524017
440,23086,6/13/20 18:02,10TFP319802,1144,44.06330109,-121.3526001
441,23087,6/13/20 18:03,10TFP319802,1144,44.06370163,-121.3526001
442,23381,6/18/20 23:09,10TFP319802,1144,44.06330109,-121.3526001
443,23382,6/18/20 23:10,10TFP319802,1144,44.06330109,-121.3526001
444,23378,6/18/20 22:49,10TFP319802,1144,44.06340027,-121.3528976
445,23379,6/18/20 22:53,10TFP319802,1144,44.06349945,-121.3526001
446,23443,6/20/20 19:42,10TFP319802,1144,44.0632019,-121.3522034
447,23779,6/24/20 19:10,10TFP319802,1144,44.06340027,-121.3529968
448,23778,6/24/20 19:06,10TFP319802,1144,44.0632019,-121.3523026
449,23780,6/24/20 19:14,10TFP319802,1144,44.0632019,-121.3523026
450,23777,6/24/20 19:01,10TFP319802,1144,44.06340027,-121.3526001
451,23781,6/24/20 19:15,10TFP319802,1144,44.06309891,-121.3524017
452,23861,6/28/20 1:44,10TFP319802,1144,44.06330109,-121.3524017
453,24081,6/30/20 3:28,10TFP319802,1144,44.06309891,-121.3523026
454,24397,7/6/20 21:28,10TFP319802,1144,44.06349945,-121.3527985
455,23173,6/15/20 19:03,16TDM005228,215.1000061,41.75130081,-88.19670105
456,23368,6/17/20 1:27,16TDM005228,215.1000061,41.75099945,-88.19670105
457,23366,6/17/20 1:16,16TDM005228,215.1000061,41.75099945,-88.19619751
458,23367,6/17/20 1:21,16TDM005228,215.1000061,41.75090027,-88.1964035
459,23369,6/17/20 1:33,16TDM005228,215.1000061,41.75099945,-88.19670105
460,23370,6/17/20 1:39,16TDM005228,215.1000061,41.75139999,-88.19609833
461,23090,6/14/20 0:04,10TET596745,66.09999847,47.62170029,-122.2062988
462,23439,6/20/20 16:56,19QFV955938,23,18.02449989,-67.15319824
463,23811,6/25/20 19:30,19QFV955938,23,18.02449989,-67.15319824
464,24004,6/30/20 18:18,19QFV955938,23,18.02449989,-67.1529007
465,24322,7/7/20 14:18,19QFV955938,23,18.02440071,-67.15309906
466,24677,7/14/20 20:44,19QFV955938,23,18.02449989,-67.15319824
467,23152,6/15/20 0:09,14RPU068529,257.2000122,30.30340004,-97.88870239
468,23171,6/15/20 23:18,14RPU068529,257.2000122,30.30369949,-97.88880157
469,25154,7/26/20 22:57,14RPU068529,257.2000122,30.30330086,-97.88870239
470,23153,6/15/20 0:32,14RPU070526,243.3000031,30.30130005,-97.88680267
471,23154,6/15/20 0:40,14RPU070526,243.3000031,30.30130005,-97.88680267
472,23174,6/15/20 21:44,18TWK290766,24.299999239999998,40.44020081,-74.65789795
473,23175,6/8/20 1:15,15RTN650972,17.89999962,29.78289986,-95.43029785
474,24262,6/10/20 15:25,17TLH212161,233.6000061,42.5768013,-83.17870331
475,23198,6/16/20 19:12,17TLH212161,233.6000061,42.57690048,-83.17810059
476,23363,6/16/20 15:34,16TDM013229,212.6000061,41.7521019,-88.18650055
477,23728,6/23/20 21:54,16TDM013229,212.6000061,41.7519989,-88.18669891
478,24325,6/30/20 19:49,16TDM013229,212.6000061,41.7521019,-88.1867981
479,24327,6/30/20 20:10,16TDM019243,207.1000061,41.76490021,-88.1792984
480,24328,6/30/20 20:22,16TDM019243,207.1000061,41.76480103,-88.17949677
481,24336,7/7/20 14:20,16TDM019243,207.1000061,41.76490021,-88.17919922
482,24337,7/7/20 14:25,16TDM019243,207.1000061,41.76509857,-88.17919922
483,24967,7/21/20 15:34,16TDM019243,207.1000061,41.76530075,-88.17960358
484,23136,6/14/20 15:00,16SGC512407,306.2999878,33.77719879,-84.28649902
485,23310,6/17/20 17:40,16SGC512407,306.2999878,33.77719879,-84.28730011
486,23312,6/17/20 17:49,16SGC511407,301.2999878,33.77730179,-84.28739929
487,23311,6/17/20 17:42,16SGC511407,301.2999878,33.77709961,-84.28749847
488,23663,6/23/20 18:23,16SGC511407,301.2999878,33.77750015,-84.28730011
489,22874,6/8/20 0:44,11SLT924782,213.6000061,34.13999939,-118.1664963
490,23248,6/17/20 0:39,11SLT924782,213.6000061,34.13999939,-118.1661987
491,22871,6/8/20 0:37,11SLT924783,214.1000061,34.14020157,-118.1664963
492,22870,6/8/20 0:25,11SLT924783,214.1000061,34.14009857,-118.1664963
493,23247,6/17/20 0:27,11SLT924783,214.1000061,34.14020157,-118.1663971
494,23238,6/17/20 0:15,11SLT924783,214.1000061,34.14020157,-118.1664963
495,23246,6/17/20 0:23,11SLT924783,214.1000061,34.14020157,-118.1664963
496,23707,6/23/20 23:29,11SLT924783,214.1000061,34.14020157,-118.1664963
497,23708,6/23/20 23:30,11SLT924783,214.1000061,34.14020157,-118.1664963
498,23709,6/23/20 23:36,11SLT924783,214.1000061,34.14020157,-118.1664963
499,23710,6/23/20 23:41,11SLT924783,214.1000061,34.14020157,-118.1664963
500,24070,6/30/20 23:21,11SLT924783,214.1000061,34.14020157,-118.1664963
501,24068,6/30/20 23:15,11SLT924783,214.1000061,34.14020157,-118.1664963
502,24071,6/30/20 23:22,11SLT924783,214.1000061,34.14020157,-118.1664963
503,24069,6/30/20 23:16,11SLT924783,214.1000061,34.14020157,-118.1664963
504,24072,6/30/20 23:26,11SLT924783,214.1000061,34.14009857,-118.1663971
505,24412,7/7/20 23:52,11SLT924783,214.1000061,34.14020157,-118.1666031
506,24414,7/7/20 23:56,11SLT924783,214.1000061,34.14020157,-118.1664963
507,24415,7/7/20 23:57,11SLT924783,214.1000061,34.14020157,-118.1664963
508,24747,7/14/20 23:55,11SLT924783,214.1000061,34.14020157,-118.1664963
509,25078,7/23/20 0:43,11SLT924783,214.1000061,34.14020157,-118.1664963
510,25075,7/23/20 0:34,11SLT924783,214.1000061,34.14020157,-118.1664963
511,25158,7/30/20 0:43,11SLT924783,214.1000061,34.14020157,-118.1664963
512,22851,6/6/20 13:01,14SQB125725,221.8000031,33.17089844,-96.72070313
513,24571,7/12/20 20:13,19QFV961942,22.200000760000002,18.02799988,-67.14720154
514,24896,7/19/20 18:34,19QFV955939,23.39999962,18.02479935,-67.15319824
515,24704,7/15/20 0:35,18TVN955018,365.2000122,42.4693985,-75.05439758
516,24748,7/15/20 0:01,11SLT925772,195.199997,34.13090134,-118.1651001
517,24749,7/15/20 0:04,11SLT923780,209.6000061,34.13759995,-118.1677017
518,24759,7/15/20 3:25,14RPU063528,255.199997,30.3022995,-97.89399719
519,24855,7/13/20 23:57,10TFP319801,1147.099976,44.06299973,-121.3522034
520,24892,7/19/20 15:41,18TVN957018,366.2000122,42.46910095,-75.05130005
521,24949,7/20/20 23:46,14RPU126671,277.8999939,30.4314003,-97.82700348
522,24947,7/20/20 23:38,14RPU126671,277.8999939,30.43160057,-97.8266983
523,24962,7/14/20 20:24,16TDM019241,210.6000061,41.76319885,-88.17910004
524,24964,7/14/20 20:30,16TDM017240,211.6000061,41.76200104,-88.18180084
525,24997,7/21/20 22:36,10SEG824297,144.3000031,37.31100082,-122.0690002
526,25000,7/13/20 13:34,16SGH196032,280,37.95040131,-84.50009918
527,25009,6/25/20 15:18,14RPU141680,273,30.43899918,-97.81099701
528,25077,7/23/20 0:40,11SLT925773,199.1000061,34.13119888,-118.1651001
529,25069,7/9/20 17:23,32UMA778542,144.3999939,50.14049911,8.69019985
530,25076,7/23/20 0:37,11SLT926771,198.1000061,34.12990189,-118.1641998
531,25102,7/10/20 16:06,32UMA776539,135,50.13710022,8.68789959
532,25103,7/10/20 16:09,32UMA775539,136.1000061,50.13779831,8.68550014
533,25139,7/14/20 22:47,18TWK492743,33.90000153,40.41790009,-74.41929626
534,25141,7/14/20 22:49,18TWK492743,33.90000153,40.41849899,-74.41999817
